Effectif des candidats en terminale gķnķrale ayant reńu une proposition d?admission de la part de l?ķtablissement,Rķgion de l?ķtablissement,FiliĶre de formation
549.0,Bordeaux,Philosophie
0.0,Nord,Facultķ de Mķdecine
100.0,Toulouse, Chimie - Parcours Cycle Ingķnieur
7.0,Aix-Marseille,Cybersķcuritķ
77.0,Nantes,Sciences et Techniques des Activitķs Physiques et Sportives
2.0,Aix-Marseille,D.E Assistant de Service Social
1.0,Aix-Marseille,D.E Educateur Spķcialisķ
18.0,Bordeaux,Formation des ķcoles de commerce et de management Bac + 3
9.0,Nancy-Metz,Technico-commercial - Spķcialitķ univers jardins et animaux de compagnie
34.0,Bordeaux,Management Commercial Opķrationnel
34.0,Bordeaux,Assurance
34.0,Bordeaux,Comptabilitķ et gestion
31.0,Nice,Collaborateur juriste notarial
4.0,Nancy-Metz,Dipl¶me National d'Art
92.0,Grenoble,Formation des ķcoles de commerce et de management Bac + 3
18.0,Rennes,Formation des ķcoles supķrieure d'art Bac + 3
38.0,Reims,Sciences pour l'ingķnieur
13.0,Corse,Gestion et maitrise de l'eau
128.0,Bordeaux,Techniques de commercialisation
8.0,Orlķans-Tours,Animation-gestion de projets dans le secteur sportif
